"","spp","response","Estimate","Est.Error","Q5","Q95","Q10","Q90","Q20","Q80"
"Intercept","CP","BodySize","15.8620845009973","0.127520064380908","15.6504237717208","16.0756179335205","15.6996766244408","16.0249888972535","15.7579254186287","15.9690126117811"
"sinsecticide","CP","BodySize","-0.0498630540205357","0.102992498394318","-0.217458689444781","0.119876178599487","-0.183152898142133","0.0823322217498039","-0.137527335734555","0.0373773754005224"
"siMo","CP","BodySize","-0.286339972810307","0.15183017446497","-0.541052780037127","-0.039695390587204","-0.478545421849669","-0.0911791031240878","-0.413379954590124","-0.157168517429872"
"Intercept","onF","BodySize","7.79151528406716","0.0768319247852307","7.66416030556267","7.91846515021314","7.69317056479789","7.88840136042646","7.72658648099109","7.85625997417263"
"sinsecticide","onF","BodySize","-0.0211405678709759","0.0673149077416429","-0.131362112607697","0.0896328637638616","-0.108374988608304","0.064951255536292","-0.0783609837965523","0.0360647567492833"
"siMo","onF","BodySize","-0.164895671948801","0.0879367317071229","-0.310576865700831","-0.0221393244119814","-0.278870370940414","-0.0539108105186097","-0.239377981625896","-0.0909752240413436"
"Intercept","onM","BodySize","7.98765054657271","0.0780948329101353","7.85947309517496","8.11553190513753","7.88864240553917","8.087122906959","7.92323944679844","8.05266126433945"
"sinsecticide","onM","BodySize","0.060118431944624","0.0697735330486985","-0.0563938201881173","0.175679638984493","-0.0296377173732214","0.149775901651198","0.00081201927346137","0.11838342525601"
"siMo","onM","BodySize","0.0196154746953974","0.080748799837032","-0.112193477511957","0.152933040812548","-0.084473943582616","0.123067662631473","-0.0479401934423943","0.0878462474032027"
